{"mean":{"confidence_interval":{"confidence_level":0.95,"lower_bound":0.06726522270471659,"upper_bound":0.13139216658982275},"point_estimate":0.09690165453016952,"standard_error":0.016256166888099853},"median":{"confidence_interval":{"confidence_level":0.95,"lower_bound":-0.00966976936732481,"upper_bound":0.19108411211521473},"point_estimate":0.026486470949583785,"standard_error":0.05387845739166912}}