{"mean":{"confidence_interval":{"confidence_level":0.95,"lower_bound":0.162847246997243,"upper_bound":0.1739461762336763},"point_estimate":0.16794822027115064,"standard_error":0.002855232444924313},"median":{"confidence_interval":{"confidence_level":0.95,"lower_bound":0.1593120055265318,"upper_bound":0.1681244389821861},"point_estimate":0.16567839359202496,"standard_error":0.0025326527598501475}}