{"mean":{"confidence_interval":{"confidence_level":0.95,"lower_bound":0.00769729796761513,"upper_bound":0.050033449285653155},"point_estimate":0.023342074880853714,"standard_error":0.010627896074301783},"median":{"confidence_interval":{"confidence_level":0.95,"lower_bound":0.00009744267560263253,"upper_bound":0.009264886197237532},"point_estimate":0.004795537470691391,"standard_error":0.002310843031423662}}