{"mean":{"confidence_interval":{"confidence_level":0.95,"lower_bound":0.6290259401322382,"upper_bound":0.6534340178173367},"point_estimate":0.6418639607187189,"standard_error":0.006234702874729108},"median":{"confidence_interval":{"confidence_level":0.95,"lower_bound":0.6360294695226119,"upper_bound":0.6593946545231881},"point_estimate":0.6460741100909186,"standard_error":0.006116092729358131}}