{"mean":{"confidence_interval":{"confidence_level":0.95,"lower_bound":-0.29236373543525435,"upper_bound":-0.23121200900993122},"point_estimate":-0.2601781619838801,"standard_error":0.015646995824597502},"median":{"confidence_interval":{"confidence_level":0.95,"lower_bound":-0.24107322319426694,"upper_bound":-0.1899702283684751},"point_estimate":-0.2121237864509461,"standard_error":0.011622640051651296}}