{"mean":{"confidence_interval":{"confidence_level":0.95,"lower_bound":-0.15168173865771636,"upper_bound":-0.12090326062370589},"point_estimate":-0.1367023044185539,"standard_error":0.007796701235654147},"median":{"confidence_interval":{"confidence_level":0.95,"lower_bound":-0.15908407739719066,"upper_bound":-0.11534725227658293},"point_estimate":-0.13933944859848246,"standard_error":0.010189624953481071}}