{"mean":{"confidence_interval":{"confidence_level":0.95,"lower_bound":-0.15037111305582937,"upper_bound":-0.0923891488445932},"point_estimate":-0.11930225447905651,"standard_error":0.014881458666307504},"median":{"confidence_interval":{"confidence_level":0.95,"lower_bound":-0.12684001485048735,"upper_bound":-0.06646601685534348},"point_estimate":-0.09745795660067136,"standard_error":0.015580632470101682}}