{"mean":{"confidence_interval":{"confidence_level":0.95,"lower_bound":-0.17944340701328068,"upper_bound":-0.14654284157797512},"point_estimate":-0.16266229985712322,"standard_error":0.008517578077639533},"median":{"confidence_interval":{"confidence_level":0.95,"lower_bound":-0.20532805519509054,"upper_bound":-0.15997461895949427},"point_estimate":-0.18638390102322122,"standard_error":0.01195693323338774}}