{"mean":{"confidence_interval":{"confidence_level":0.95,"lower_bound":0.12510516614883105,"upper_bound":0.15093965155258576},"point_estimate":0.13749053074910322,"standard_error":0.006586003202024534},"median":{"confidence_interval":{"confidence_level":0.95,"lower_bound":0.09516740468532757,"upper_bound":0.11904835762159616},"point_estimate":0.10230273216907926,"standard_error":0.00553585295662285}}