{"mean":{"confidence_interval":{"confidence_level":0.95,"lower_bound":0.03229516556278235,"upper_bound":0.06698790726438553},"point_estimate":0.04810429237317693,"standard_error":0.008714161036408189},"median":{"confidence_interval":{"confidence_level":0.95,"lower_bound":0.03678207753571883,"upper_bound":0.06903043279922619},"point_estimate":0.0466619679571334,"standard_error":0.007662581428288174}}