{"mean":{"confidence_interval":{"confidence_level":0.95,"lower_bound":0.3376273439366826,"upper_bound":0.4352772160417644},"point_estimate":0.38457533761397245,"standard_error":0.02448638959006697},"median":{"confidence_interval":{"confidence_level":0.95,"lower_bound":0.2592467979838897,"upper_bound":0.29197241105888416},"point_estimate":0.2693710592750078,"standard_error":0.008833008477258106}}