{"mean":{"confidence_interval":{"confidence_level":0.95,"lower_bound":-0.29208147124122213,"upper_bound":-0.23920709469738394},"point_estimate":-0.26495440370559087,"standard_error":0.013478219126256873},"median":{"confidence_interval":{"confidence_level":0.95,"lower_bound":-0.21991490930459467,"upper_bound":-0.19307429770897233},"point_estimate":-0.2006254729594319,"standard_error":0.006489567304085426}}