{"mean":{"confidence_interval":{"confidence_level":0.95,"lower_bound":119586.20091885299,"upper_bound":119855.9354472392},"point_estimate":119708.80173115758,"standard_error":68.90164132179687},"median":{"confidence_interval":{"confidence_level":0.95,"lower_bound":119558.89917695473,"upper_bound":119694.32098765433},"point_estimate":119625.97178940463,"standard_error":35.802629366713816},"median_abs_dev":{"confidence_interval":{"confidence_level":0.95,"lower_bound":306.86629765660837,"upper_bound":548.6159059136278},"point_estimate":415.8909585599897,"standard_error":63.675767541924046},"slope":{"confidence_interval":{"confidence_level":0.95,"lower_bound":119539.22165895536,"upper_bound":119733.88946847786},"point_estimate":119638.53311002742,"standard_error":49.8354916073208},"std_dev":{"confidence_interval":{"confidence_level":0.95,"lower_bound":382.23504410658035,"upper_bound":998.9999608745893},"point_estimate":690.9769078384722,"standard_error":167.48284054305978}}