{"mean":{"confidence_interval":{"confidence_level":0.95,"lower_bound":-0.024666052741418382,"upper_bound":-0.022332264555016232},"point_estimate":-0.023583320922309303,"standard_error":0.0006180843810382198},"median":{"confidence_interval":{"confidence_level":0.95,"lower_bound":-0.025882733725786804,"upper_bound":-0.02448901828624439},"point_estimate":-0.0252411572424579,"standard_error":0.00037308436344200385}}