{"mean":{"confidence_interval":{"confidence_level":0.95,"lower_bound":0.015758787082400895,"upper_bound":0.08825007658914036},"point_estimate":0.04322047426338127,"standard_error":0.020742887258437225},"median":{"confidence_interval":{"confidence_level":0.95,"lower_bound":0.013327745693809276,"upper_bound":0.0190637410950647},"point_estimate":0.014925401706793462,"standard_error":0.0015664226267723123}}