{"mean":{"confidence_interval":{"confidence_level":0.95,"lower_bound":-0.22584850742417575,"upper_bound":-0.12478852719561079},"point_estimate":-0.16879884013254465,"standard_error":0.02636882873215155},"median":{"confidence_interval":{"confidence_level":0.95,"lower_bound":-0.1544209293439387,"upper_bound":-0.10537889858219873},"point_estimate":-0.1356495206811532,"standard_error":0.012067509413165374}}