{"mean":{"confidence_interval":{"confidence_level":0.95,"lower_bound":-0.04682905552090497,"upper_bound":-0.012229038219843336},"point_estimate":-0.029204267720336796,"standard_error":0.008849240718789732},"median":{"confidence_interval":{"confidence_level":0.95,"lower_bound":-0.04119482608484291,"upper_bound":-0.00003313405309915367},"point_estimate":-0.022407307556970957,"standard_error":0.010564029980846866}}