{"mean":{"confidence_interval":{"confidence_level":0.95,"lower_bound":0.03433487644252624,"upper_bound":0.05586053356021136},"point_estimate":0.045116835912643705,"standard_error":0.005542163720534526},"median":{"confidence_interval":{"confidence_level":0.95,"lower_bound":0.037969123479053346,"upper_bound":0.05843285494695348},"point_estimate":0.04700248983342159,"standard_error":0.0048704022682749416}}