{"mean":{"confidence_interval":{"confidence_level":0.95,"lower_bound":0.6502778040769779,"upper_bound":0.6758099842366869},"point_estimate":0.663157756974613,"standard_error":0.006476777795627192},"median":{"confidence_interval":{"confidence_level":0.95,"lower_bound":0.6368851006744285,"upper_bound":0.6460780191532247},"point_estimate":0.6417871144289127,"standard_error":0.0024529774600947434}}