{"mean":{"confidence_interval":{"confidence_level":0.95,"lower_bound":-0.8113814934834838,"upper_bound":-0.8091931838083034},"point_estimate":-0.8102751081943046,"standard_error":0.0005531057400185743},"median":{"confidence_interval":{"confidence_level":0.95,"lower_bound":-0.8118906407606208,"upper_bound":-0.8099441155882182},"point_estimate":-0.8108879983960016,"standard_error":0.0004953125817596149}}