{"mean":{"confidence_interval":{"confidence_level":0.95,"lower_bound":3.2513660493076935,"upper_bound":3.2780658567297754},"point_estimate":3.265531908683328,"standard_error":0.006896971117573086},"median":{"confidence_interval":{"confidence_level":0.95,"lower_bound":3.233957914301093,"upper_bound":3.2718700604039306},"point_estimate":3.2529107266611117,"standard_error":0.009279118878397186}}