{"mean":{"confidence_interval":{"confidence_level":0.95,"lower_bound":0.08998201104843859,"upper_bound":0.1756932759566524},"point_estimate":0.13115370237486523,"standard_error":0.021839201618077644},"median":{"confidence_interval":{"confidence_level":0.95,"lower_bound":0.01592860913964378,"upper_bound":0.08750130003517431},"point_estimate":0.03905719877618585,"standard_error":0.01709159209528507}}