{"mean":{"confidence_interval":{"confidence_level":0.95,"lower_bound":0.16553143283067612,"upper_bound":0.21882787687942598},"point_estimate":0.1919858232227385,"standard_error":0.013968083719753497},"median":{"confidence_interval":{"confidence_level":0.95,"lower_bound":0.13749944076235823,"upper_bound":0.1474741707621677},"point_estimate":0.14071399737001467,"standard_error":0.0028188535471110735}}