{"mean":{"confidence_interval":{"confidence_level":0.95,"lower_bound":0.41074891697789206,"upper_bound":0.45540516764694544},"point_estimate":0.42857938178818666,"standard_error":0.011665031054816801},"median":{"confidence_interval":{"confidence_level":0.95,"lower_bound":0.4058293879884064,"upper_bound":0.40943082362056266},"point_estimate":0.4079023953696159,"standard_error":0.000896501851077627}}