{"mean":{"confidence_interval":{"confidence_level":0.95,"lower_bound":-0.026904189966826027,"upper_bound":0.002530249181631705},"point_estimate":-0.010094874454925629,"standard_error":0.007669564773601138},"median":{"confidence_interval":{"confidence_level":0.95,"lower_bound":0.002061096972846245,"upper_bound":0.005640128127164967},"point_estimate":0.0039715897574439385,"standard_error":0.0008549857319591366}}