{"mean":{"confidence_interval":{"confidence_level":0.95,"lower_bound":0.02321889841829804,"upper_bound":0.037633486684621076},"point_estimate":0.029274995185272212,"standard_error":0.0036823460803835505},"median":{"confidence_interval":{"confidence_level":0.95,"lower_bound":0.019910065243444297,"upper_bound":0.02899519304955711},"point_estimate":0.02275519146270799,"standard_error":0.002267516917861322}}