{"mean":{"confidence_interval":{"confidence_level":0.95,"lower_bound":-0.009985103454872909,"upper_bound":0.003701484809762434},"point_estimate":-0.002665875577358645,"standard_error":0.00350680319932125},"median":{"confidence_interval":{"confidence_level":0.95,"lower_bound":-0.0029978552339673392,"upper_bound":0.007687354686266135},"point_estimate":0.00252776454264092,"standard_error":0.002780722113943906}}