{"mean":{"confidence_interval":{"confidence_level":0.95,"lower_bound":0.279109376854763,"upper_bound":0.2940396546444555},"point_estimate":0.28559247114424746,"standard_error":0.0037950807643709226},"median":{"confidence_interval":{"confidence_level":0.95,"lower_bound":0.2700612471251125,"upper_bound":0.2867153767429664},"point_estimate":0.27456925864596804,"standard_error":0.003106097623265135}}