{"mean":{"confidence_interval":{"confidence_level":0.95,"lower_bound":0.0008867410302897394,"upper_bound":0.030497609497131293},"point_estimate":0.015599186117450703,"standard_error":0.007790461961036081},"median":{"confidence_interval":{"confidence_level":0.95,"lower_bound":-0.003195499025212434,"upper_bound":0.00878667435388536},"point_estimate":0.003105456783813354,"standard_error":0.0030130179278068992}}