{"mean":{"confidence_interval":{"confidence_level":0.95,"lower_bound":0.1253879593838595,"upper_bound":0.13462657532805747},"point_estimate":0.13001110212455158,"standard_error":0.002364449761057391},"median":{"confidence_interval":{"confidence_level":0.95,"lower_bound":0.11998278735931533,"upper_bound":0.14934578702136236},"point_estimate":0.1421148629938831,"standard_error":0.008102526885351997}}