{"mean":{"confidence_interval":{"confidence_level":0.95,"lower_bound":0.04720639879619964,"upper_bound":0.0653268756570184},"point_estimate":0.05465174766504233,"standard_error":0.004782627620725021},"median":{"confidence_interval":{"confidence_level":0.95,"lower_bound":0.043961458100013395,"upper_bound":0.04790808477880515},"point_estimate":0.045558981624010064,"standard_error":0.0010689315318828437}}