{"mean":{"confidence_interval":{"confidence_level":0.95,"lower_bound":2881383.9541666666,"upper_bound":2939156.665277778},"point_estimate":2902351.500000002,"standard_error":16493.44649376632},"median":{"confidence_interval":{"confidence_level":0.95,"lower_bound":2871994.4444444445,"upper_bound":2881566.6666666665},"point_estimate":2877777.777777778,"standard_error":3031.33032257813},"median_abs_dev":{"confidence_interval":{"confidence_level":0.95,"lower_bound":5975.70156057668,"upper_bound":16872.914325446116},"point_estimate":12614.454776048891,"standard_error":3297.2722863015833},"slope":null,"std_dev":{"confidence_interval":{"confidence_level":0.95,"lower_bound":19649.82059986784,"upper_bound":281095.1963597231},"point_estimate":165843.1443233383,"standard_error":88652.76895150453}}