{"mean":{"confidence_interval":{"confidence_level":0.95,"lower_bound":0.0661684162715223,"upper_bound":0.10933884570937193},"point_estimate":0.08626454384430438,"standard_error":0.011098179776726613},"median":{"confidence_interval":{"confidence_level":0.95,"lower_bound":0.04994922679259539,"upper_bound":0.06527662409380985},"point_estimate":0.05799917239472263,"standard_error":0.003988348080183566}}