{"mean":{"confidence_interval":{"confidence_level":0.95,"lower_bound":0.10917370983209192,"upper_bound":0.1288387407666018},"point_estimate":0.11846992763941944,"standard_error":0.004883469808487198},"median":{"confidence_interval":{"confidence_level":0.95,"lower_bound":0.10101775731225948,"upper_bound":0.11186573955807222},"point_estimate":0.10642998216660149,"standard_error":0.002516383471436519}}