{"mean":{"confidence_interval":{"confidence_level":0.95,"lower_bound":0.05020679522675832,"upper_bound":0.06330823310799986},"point_estimate":0.05585251610927422,"standard_error":0.0032949976652971685},"median":{"confidence_interval":{"confidence_level":0.95,"lower_bound":0.04302592620564007,"upper_bound":0.04798831788930034},"point_estimate":0.0445695224527598,"standard_error":0.0013273181963225783}}