{"mean":{"confidence_interval":{"confidence_level":0.95,"lower_bound":-0.011345395485181571,"upper_bound":0.013493453089886481},"point_estimate":-0.0006188523591311723,"standard_error":0.006359799064364093},"median":{"confidence_interval":{"confidence_level":0.95,"lower_bound":-0.00510698472744453,"upper_bound":0.00277660568326632},"point_estimate":-4.893438440012332e-7,"standard_error":0.0022520352189978415}}