{"mean":{"confidence_interval":{"confidence_level":0.95,"lower_bound":-0.0013987156410152051,"upper_bound":0.0077024320286909415},"point_estimate":0.0030022906225084522,"standard_error":0.0023917440519107217},"median":{"confidence_interval":{"confidence_level":0.95,"lower_bound":-0.006642299838412247,"upper_bound":-0.0003562210302288414},"point_estimate":-0.003005208537128712,"standard_error":0.0016185329040387779}}