{"mean":{"confidence_interval":{"confidence_level":0.95,"lower_bound":-0.006626647265066216,"upper_bound":0.0010172267404352999},"point_estimate":-0.002668068053733541,"standard_error":0.001947556346217391},"median":{"confidence_interval":{"confidence_level":0.95,"lower_bound":-0.0035278938103039934,"upper_bound":0.0031921674853487847},"point_estimate":-0.00009061187974390705,"standard_error":0.001568611016163107}}