{"mean":{"confidence_interval":{"confidence_level":0.95,"lower_bound":-0.011180186638132139,"upper_bound":0.00853377191272119},"point_estimate":-0.002039250052838004,"standard_error":0.005053508170066395},"median":{"confidence_interval":{"confidence_level":0.95,"lower_bound":-0.01254778298033754,"upper_bound":0.004263789162298526},"point_estimate":-0.004195178431367075,"standard_error":0.004317131911715234}}