{"mean":{"confidence_interval":{"confidence_level":0.95,"lower_bound":0.72264283133191,"upper_bound":0.8657783477564509},"point_estimate":0.79000603336839,"standard_error":0.036550502166496426},"median":{"confidence_interval":{"confidence_level":0.95,"lower_bound":0.5690924676220531,"upper_bound":0.6929121743935382},"point_estimate":0.5888109624977591,"standard_error":0.033227819740902165}}