{"mean":{"confidence_interval":{"confidence_level":0.95,"lower_bound":10873.569459548124,"upper_bound":10940.402710063676},"point_estimate":10904.699589934002,"standard_error":17.21184829499268},"median":{"confidence_interval":{"confidence_level":0.95,"lower_bound":10831.820353559484,"upper_bound":10880.857414190748},"point_estimate":10855.543865118332,"standard_error":12.964978534296975},"median_abs_dev":{"confidence_interval":{"confidence_level":0.95,"lower_bound":62.81323417895952,"upper_bound":110.48967342756852},"point_estimate":92.27813405606221,"standard_error":12.622832081495694},"slope":{"confidence_interval":{"confidence_level":0.95,"lower_bound":10835.386802671803,"upper_bound":10879.079778531934},"point_estimate":10855.601352393727,"standard_error":11.162838790755027},"std_dev":{"confidence_interval":{"confidence_level":0.95,"lower_bound":112.78197002512422,"upper_bound":223.37594688173965},"point_estimate":173.15322527688517,"standard_error":28.365052540705904}}