{"mean":{"confidence_interval":{"confidence_level":0.95,"lower_bound":-0.12194062177783786,"upper_bound":-0.10365364273059045},"point_estimate":-0.11513597568875888,"standard_error":0.0051650994594178365},"median":{"confidence_interval":{"confidence_level":0.95,"lower_bound":-0.12487815241375168,"upper_bound":-0.11976674056804315},"point_estimate":-0.12187758693427242,"standard_error":0.0013359261909357705}}