{"mean":{"confidence_interval":{"confidence_level":0.95,"lower_bound":0.044367482116507484,"upper_bound":0.10509471554114898},"point_estimate":0.06820849556360176,"standard_error":0.01495466675038132},"median":{"confidence_interval":{"confidence_level":0.95,"lower_bound":0.02669374155068316,"upper_bound":0.05063314823300136},"point_estimate":0.03467703838292069,"standard_error":0.007274032404882984}}