{"mean":{"confidence_interval":{"confidence_level":0.95,"lower_bound":0.8311839331592809,"upper_bound":0.9092810707608574},"point_estimate":0.8655822931785464,"standard_error":0.019591455265224073},"median":{"confidence_interval":{"confidence_level":0.95,"lower_bound":0.812064034588073,"upper_bound":0.8463180207218479},"point_estimate":0.8311536467724869,"standard_error":0.00913384150403016}}