{"mean":{"confidence_interval":{"confidence_level":0.95,"lower_bound":0.08519481391549534,"upper_bound":0.1704112039963112},"point_estimate":0.12499522747385194,"standard_error":0.021833471852363222},"median":{"confidence_interval":{"confidence_level":0.95,"lower_bound":0.08653030999633038,"upper_bound":0.11001463071501694},"point_estimate":0.09647095297166475,"standard_error":0.0056651161577819685}}