{"mean":{"confidence_interval":{"confidence_level":0.95,"lower_bound":0.9886298740679754,"upper_bound":1.022992176141842},"point_estimate":1.005699073752098,"standard_error":0.008739764604168074},"median":{"confidence_interval":{"confidence_level":0.95,"lower_bound":0.9860414192905946,"upper_bound":1.0231645248239412},"point_estimate":1.0043323096576824,"standard_error":0.009517546364020813}}