{"mean":{"confidence_interval":{"confidence_level":0.95,"lower_bound":0.17542674756053997,"upper_bound":0.22820376013772678},"point_estimate":0.2003398002475021,"standard_error":0.013738732648868136},"median":{"confidence_interval":{"confidence_level":0.95,"lower_bound":0.13983315265398932,"upper_bound":0.19151491714348357},"point_estimate":0.1598076911664621,"standard_error":0.015576282779482033}}