{"mean":{"confidence_interval":{"confidence_level":0.95,"lower_bound":0.6005148837555255,"upper_bound":0.6419791315058693},"point_estimate":0.6186590841846877,"standard_error":0.010430360583312821},"median":{"confidence_interval":{"confidence_level":0.95,"lower_bound":0.5916869423023966,"upper_bound":0.6162531640673459},"point_estimate":0.6040720471325924,"standard_error":0.005938424380143785}}