{"mean":{"confidence_interval":{"confidence_level":0.95,"lower_bound":0.5218114456903669,"upper_bound":0.8306305973678851},"point_estimate":0.6659132734916073,"standard_error":0.07058032969542967},"median":{"confidence_interval":{"confidence_level":0.95,"lower_bound":0.016230696278481924,"upper_bound":1.3981173992439562},"point_estimate":0.08248837179028734,"standard_error":0.4794868431529826}}