{"mean":{"confidence_interval":{"confidence_level":0.95,"lower_bound":-0.33110642111406846,"upper_bound":-0.2848907155843085},"point_estimate":-0.309264645071214,"standard_error":0.0117674107963745},"median":{"confidence_interval":{"confidence_level":0.95,"lower_bound":-0.35717584836838356,"upper_bound":-0.3167519486178908},"point_estimate":-0.3354676347219445,"standard_error":0.01060718941737067}}