{"mean":{"confidence_interval":{"confidence_level":0.95,"lower_bound":-0.005656195127643062,"upper_bound":0.05174169138260307},"point_estimate":0.022482117454300843,"standard_error":0.014604075223992442},"median":{"confidence_interval":{"confidence_level":0.95,"lower_bound":-0.005067736922575783,"upper_bound":0.05958643132874264},"point_estimate":0.02207473146267369,"standard_error":0.016807285709350632}}