{"mean":{"confidence_interval":{"confidence_level":0.95,"lower_bound":0.3773043531644302,"upper_bound":0.6406229350621399},"point_estimate":0.5321129283929067,"standard_error":0.0742695890947858},"median":{"confidence_interval":{"confidence_level":0.95,"lower_bound":0.6480985381562552,"upper_bound":0.6733250195467341},"point_estimate":0.6610896335447876,"standard_error":0.006697281190303404}}