{"mean":{"confidence_interval":{"confidence_level":0.95,"lower_bound":0.0305744249804419,"upper_bound":0.05525585546684852},"point_estimate":0.04311717631211964,"standard_error":0.006180570882352775},"median":{"confidence_interval":{"confidence_level":0.95,"lower_bound":0.009512572071089534,"upper_bound":0.09066158420295944},"point_estimate":0.021286323484219327,"standard_error":0.016099714691212016}}