{"mean":{"confidence_interval":{"confidence_level":0.95,"lower_bound":-0.21650526669276335,"upper_bound":-0.18680072408938805},"point_estimate":-0.20214424681309984,"standard_error":0.007388970818987879},"median":{"confidence_interval":{"confidence_level":0.95,"lower_bound":-0.22963097250349662,"upper_bound":-0.20203846765674038},"point_estimate":-0.2165092158233799,"standard_error":0.006068070162299285}}