{"mean":{"confidence_interval":{"confidence_level":0.95,"lower_bound":-0.09596847093899259,"upper_bound":-0.06183414864092732},"point_estimate":-0.07883218761706146,"standard_error":0.00869054386948595},"median":{"confidence_interval":{"confidence_level":0.95,"lower_bound":-0.08457895752479294,"upper_bound":-0.053947801419442484},"point_estimate":-0.06881921833000137,"standard_error":0.006803716012670261}}