{"mean":{"confidence_interval":{"confidence_level":0.95,"lower_bound":7461854.078571429,"upper_bound":7489908.160714288},"point_estimate":7475468.999999997,"standard_error":7159.432494545964},"median":{"confidence_interval":{"confidence_level":0.95,"lower_bound":7439271.428571429,"upper_bound":7479442.857142857},"point_estimate":7453778.571428571,"standard_error":9801.047968768877},"median_abs_dev":{"confidence_interval":{"confidence_level":0.95,"lower_bound":41745.24975887354,"upper_bound":75591.41865798307},"point_estimate":56603.54899508741,"standard_error":8091.662697881259},"slope":null,"std_dev":{"confidence_interval":{"confidence_level":0.95,"lower_bound":57520.41918236398,"upper_bound":85838.6480719347},"point_estimate":72048.31429022811,"standard_error":7230.633182589732}}