{"mean":{"confidence_interval":{"confidence_level":0.95,"lower_bound":-0.19196611505560168,"upper_bound":-0.17861109279440301},"point_estimate":-0.18573624258245414,"standard_error":0.0034597565758403017},"median":{"confidence_interval":{"confidence_level":0.95,"lower_bound":-0.20318278180068383,"upper_bound":-0.19607562278093515},"point_estimate":-0.2005134735913482,"standard_error":0.001893920469813488}}