{"mean":{"confidence_interval":{"confidence_level":0.95,"lower_bound":-0.008344350423720608,"upper_bound":0.010505896441591327},"point_estimate":0.0012500343648591539,"standard_error":0.004806124806810891},"median":{"confidence_interval":{"confidence_level":0.95,"lower_bound":0.008305937410763464,"upper_bound":0.018380230976088763},"point_estimate":0.013193806891079074,"standard_error":0.002646515866954726}}