{"mean":{"confidence_interval":{"confidence_level":0.95,"lower_bound":0.7844441043188787,"upper_bound":0.9379448997744739},"point_estimate":0.859185188924974,"standard_error":0.03934033112820649},"median":{"confidence_interval":{"confidence_level":0.95,"lower_bound":0.9499775214147395,"upper_bound":1.1768194896032278},"point_estimate":1.092328832704371,"standard_error":0.06003831453891806}}