{"mean":{"confidence_interval":{"confidence_level":0.95,"lower_bound":0.07982211601579305,"upper_bound":0.13394560337908648},"point_estimate":0.10016415990877614,"standard_error":0.014625136280890455},"median":{"confidence_interval":{"confidence_level":0.95,"lower_bound":0.07119822005433864,"upper_bound":0.08747259724249412},"point_estimate":0.0781776851269389,"standard_error":0.003926433632161991}}