{"mean":{"confidence_interval":{"confidence_level":0.95,"lower_bound":4181965.3846153845,"upper_bound":4254265.838461541},"point_estimate":4216525.0,"standard_error":18404.475091663706},"median":{"confidence_interval":{"confidence_level":0.95,"lower_bound":4132738.461538462,"upper_bound":4211703.846153846},"point_estimate":4167911.538461538,"standard_error":18647.621282908083},"median_abs_dev":{"confidence_interval":{"confidence_level":0.95,"lower_bound":109877.7649723567,"upper_bound":173829.14460622333},"point_estimate":143652.5328342732,"standard_error":15600.30188983652},"slope":null,"std_dev":{"confidence_interval":{"confidence_level":0.95,"lower_bound":142621.98133782312,"upper_bound":225372.07643657248},"point_estimate":185207.9229805619,"standard_error":21272.037255821313}}