{"mean":{"confidence_interval":{"confidence_level":0.95,"lower_bound":4007645.68653846,"upper_bound":4064104.465384615},"point_estimate":4034501.076923077,"standard_error":14409.601829914409},"median":{"confidence_interval":{"confidence_level":0.95,"lower_bound":3968430.769230769,"upper_bound":3994830.769230769},"point_estimate":3980803.846153846,"standard_error":6117.660279977073},"median_abs_dev":{"confidence_interval":{"confidence_level":0.95,"lower_bound":36682.94473336267,"upper_bound":66448.99035875576},"point_estimate":49963.6191129681,"standard_error":7693.561656282427},"slope":null,"std_dev":{"confidence_interval":{"confidence_level":0.95,"lower_bound":112433.81946966874,"upper_bound":169689.74920401705},"point_estimate":144857.22957092064,"standard_error":14643.672547137201}}