{"mean":{"confidence_interval":{"confidence_level":0.95,"lower_bound":1013973.354474588,"upper_bound":1023956.6773687558},"point_estimate":1018889.9292904423,"standard_error":2547.3751921835824},"median":{"confidence_interval":{"confidence_level":0.95,"lower_bound":1008918.1168831168,"upper_bound":1020307.4074074074},"point_estimate":1016184.9945828819,"standard_error":2855.357442663093},"median_abs_dev":{"confidence_interval":{"confidence_level":0.95,"lower_bound":17068.011003800373,"upper_bound":30492.600350497723},"point_estimate":24106.3738106605,"standard_error":3603.825593374072},"slope":{"confidence_interval":{"confidence_level":0.95,"lower_bound":1027734.9387509472,"upper_bound":1041962.9784826369},"point_estimate":1035028.9005467711,"standard_error":3633.6868176179078},"std_dev":{"confidence_interval":{"confidence_level":0.95,"lower_bound":21274.510137104102,"upper_bound":29502.24380766042},"point_estimate":25582.866663229273,"standard_error":2106.142454620602}}