{"mean":{"confidence_interval":{"confidence_level":0.95,"lower_bound":-0.040920038699775806,"upper_bound":-0.004022234392084643},"point_estimate":-0.022999056585491173,"standard_error":0.00962257862462983},"median":{"confidence_interval":{"confidence_level":0.95,"lower_bound":-0.04633379717782482,"upper_bound":-0.027489052476315407},"point_estimate":-0.03762554695397713,"standard_error":0.004871463747753217}}