{"mean":{"confidence_interval":{"confidence_level":0.95,"lower_bound":-0.2961873803839172,"upper_bound":-0.22544328345621514},"point_estimate":-0.26350791170608867,"standard_error":0.01788592671868782},"median":{"confidence_interval":{"confidence_level":0.95,"lower_bound":-0.2995498719327587,"upper_bound":-0.22443766427619705},"point_estimate":-0.2582082444577891,"standard_error":0.01934518984942861}}