{"mean":{"confidence_interval":{"confidence_level":0.95,"lower_bound":-0.00588330563172276,"upper_bound":0.008715221652077098},"point_estimate":0.0028738729689927744,"standard_error":0.0038348360659650246},"median":{"confidence_interval":{"confidence_level":0.95,"lower_bound":0.005871452520617826,"upper_bound":0.008328839065682554},"point_estimate":0.007043272371364706,"standard_error":0.0006349362115243778}}