{"mean":{"confidence_interval":{"confidence_level":0.95,"lower_bound":0.08988655220268939,"upper_bound":0.1287316355470537},"point_estimate":0.10817114473948752,"standard_error":0.009944831457452265},"median":{"confidence_interval":{"confidence_level":0.95,"lower_bound":0.06852368089533031,"upper_bound":0.06987956016959974},"point_estimate":0.06915970648608294,"standard_error":0.0003500341708335277}}