{"mean":{"confidence_interval":{"confidence_level":0.95,"lower_bound":1.247463189839729,"upper_bound":1.2659179910316363},"point_estimate":1.2568777241482794,"standard_error":0.004877777725124343},"median":{"confidence_interval":{"confidence_level":0.95,"lower_bound":1.245904312999944,"upper_bound":1.2580336224873325},"point_estimate":1.2526070827238756,"standard_error":0.0034212981244505255}}