{"mean":{"confidence_interval":{"confidence_level":0.95,"lower_bound":0.07589392136939477,"upper_bound":0.12121066926957971},"point_estimate":0.09693909504206077,"standard_error":0.011667746922622683},"median":{"confidence_interval":{"confidence_level":0.95,"lower_bound":0.08301038042996568,"upper_bound":0.10187832351737613},"point_estimate":0.09136400969817138,"standard_error":0.004685177173426772}}