{"mean":{"confidence_interval":{"confidence_level":0.95,"lower_bound":0.03381721091950478,"upper_bound":0.07324148330860347},"point_estimate":0.05359566780956415,"standard_error":0.010118622412058671},"median":{"confidence_interval":{"confidence_level":0.95,"lower_bound":0.0337327420635356,"upper_bound":0.06696917848332418},"point_estimate":0.04667704483085222,"standard_error":0.008967322793759459}}