{"mean":{"confidence_interval":{"confidence_level":0.95,"lower_bound":-0.2219731686450392,"upper_bound":-0.16270229033566697},"point_estimate":-0.19181960264304387,"standard_error":0.015109940984441529},"median":{"confidence_interval":{"confidence_level":0.95,"lower_bound":-0.1761218070801911,"upper_bound":-0.13737405302980055},"point_estimate":-0.1579262240962499,"standard_error":0.010743724386579728}}