{"mean":{"confidence_interval":{"confidence_level":0.95,"lower_bound":1895208.1817636322,"upper_bound":2138247.42287507},"point_estimate":1999352.1745956657,"standard_error":62895.70827611797},"median":{"confidence_interval":{"confidence_level":0.95,"lower_bound":1838288.888888889,"upper_bound":1869503.6144578313},"point_estimate":1853921.111111111,"standard_error":8199.876892068081},"median_abs_dev":{"confidence_interval":{"confidence_level":0.95,"lower_bound":55104.65243201876,"upper_bound":99930.94472587109},"point_estimate":77270.75838941002,"standard_error":11024.264009803868},"slope":{"confidence_interval":{"confidence_level":0.95,"lower_bound":1885512.9147724754,"upper_bound":2010102.3019914355},"point_estimate":1942395.5235702675,"standard_error":32035.297297556033},"std_dev":{"confidence_interval":{"confidence_level":0.95,"lower_bound":178499.7634201471,"upper_bound":956333.9750994971},"point_estimate":629936.2755922278,"standard_error":202383.74840379076}}