{"mean":{"confidence_interval":{"confidence_level":0.95,"lower_bound":0.6185268299773419,"upper_bound":0.6342015339920215},"point_estimate":0.6260607016201247,"standard_error":0.004083495219351712},"median":{"confidence_interval":{"confidence_level":0.95,"lower_bound":0.616516436136034,"upper_bound":0.6265354890551877},"point_estimate":0.6199936433768767,"standard_error":0.002700545034125635}}