{"mean":{"confidence_interval":{"confidence_level":0.95,"lower_bound":-0.005995914363193284,"upper_bound":0.02194287038094922},"point_estimate":0.008361862358547079,"standard_error":0.007184490728910511},"median":{"confidence_interval":{"confidence_level":0.95,"lower_bound":-0.0031581432219535337,"upper_bound":0.012055449977334876},"point_estimate":0.0031422329717143427,"standard_error":0.0035917154494294126}}