{"mean":{"confidence_interval":{"confidence_level":0.95,"lower_bound":-0.04308581089651226,"upper_bound":-0.03749494307316459},"point_estimate":-0.039974098109941125,"standard_error":0.0014287063177350408},"median":{"confidence_interval":{"confidence_level":0.95,"lower_bound":-0.04314246142129785,"upper_bound":-0.03803898330922417},"point_estimate":-0.04112912467151797,"standard_error":0.0012744046919925275}}