{"mean":{"confidence_interval":{"confidence_level":0.95,"lower_bound":0.054077654694971826,"upper_bound":0.06825504778321098},"point_estimate":0.06051687191800337,"standard_error":0.003600271449919895},"median":{"confidence_interval":{"confidence_level":0.95,"lower_bound":0.04971286542876774,"upper_bound":0.06062634052065758},"point_estimate":0.05544934544224467,"standard_error":0.002779315169606479}}