{"mean":{"confidence_interval":{"confidence_level":0.95,"lower_bound":0.06279728648626948,"upper_bound":0.07102440372338834},"point_estimate":0.06651024447846132,"standard_error":0.0020410112635820357},"median":{"confidence_interval":{"confidence_level":0.95,"lower_bound":0.06106325015891523,"upper_bound":0.06738396959813575},"point_estimate":0.0633677144221465,"standard_error":0.001776950235193715}}