{"mean":{"confidence_interval":{"confidence_level":0.95,"lower_bound":0.03693026086840603,"upper_bound":0.07553277180118642},"point_estimate":0.05333491111345068,"standard_error":0.01053227126069503},"median":{"confidence_interval":{"confidence_level":0.95,"lower_bound":0.02644904597827935,"upper_bound":0.046239963297399767},"point_estimate":0.03942207402831399,"standard_error":0.0047272960499879}}