{"mean":{"confidence_interval":{"confidence_level":0.95,"lower_bound":1.3643657552633803,"upper_bound":1.469862446016938},"point_estimate":1.4115669474596682,"standard_error":0.027656814138543286},"median":{"confidence_interval":{"confidence_level":0.95,"lower_bound":1.318740243526142,"upper_bound":1.39547623174633},"point_estimate":1.3582388603888744,"standard_error":0.020961332748480978}}