{"mean":{"confidence_interval":{"confidence_level":0.95,"lower_bound":-0.008749736978850389,"upper_bound":0.07527826605463737},"point_estimate":0.026639839773088037,"standard_error":0.02118076226033902},"median":{"confidence_interval":{"confidence_level":0.95,"lower_bound":-0.007449404056130624,"upper_bound":0.029470736278125242},"point_estimate":0.013456816468336852,"standard_error":0.0096338728306775}}