{"mean":{"confidence_interval":{"confidence_level":0.95,"lower_bound":0.07787398285006307,"upper_bound":0.10317980539521644},"point_estimate":0.09022887841618132,"standard_error":0.006549946259934947},"median":{"confidence_interval":{"confidence_level":0.95,"lower_bound":0.07763755970679043,"upper_bound":0.09724793134430985},"point_estimate":0.09039101306877395,"standard_error":0.005403631996553039}}