{"mean":{"confidence_interval":{"confidence_level":0.95,"lower_bound":0.7886986434110455,"upper_bound":0.820913372144045},"point_estimate":0.8038509568849428,"standard_error":0.008107432972002905},"median":{"confidence_interval":{"confidence_level":0.95,"lower_bound":0.7819348711367444,"upper_bound":0.8085162239324817},"point_estimate":0.7951403204876397,"standard_error":0.006773586870053038}}