{"mean":{"confidence_interval":{"confidence_level":0.95,"lower_bound":-0.007090777613935736,"upper_bound":0.016473996109969365},"point_estimate":0.004281208131470704,"standard_error":0.0059756709608524295},"median":{"confidence_interval":{"confidence_level":0.95,"lower_bound":-0.017029468581865825,"upper_bound":-0.00989124241054884},"point_estimate":-0.013772098364361773,"standard_error":0.0016309454291895458}}