{"mean":{"confidence_interval":{"confidence_level":0.95,"lower_bound":-0.024118831314648394,"upper_bound":0.013847346973924835},"point_estimate":-0.006144972924404524,"standard_error":0.009647473905908895},"median":{"confidence_interval":{"confidence_level":0.95,"lower_bound":-0.005917682480992226,"upper_bound":0.004001618718958431},"point_estimate":0.0010796554167815664,"standard_error":0.0025871015204712933}}