{"mean":{"confidence_interval":{"confidence_level":0.95,"lower_bound":3042004.5588235287,"upper_bound":3183377.38382353},"point_estimate":3100316.529411765,"standard_error":36949.769120347235},"median":{"confidence_interval":{"confidence_level":0.95,"lower_bound":2952676.470588235,"upper_bound":3025997.0588235296},"point_estimate":2977570.588235294,"standard_error":21417.088136258324},"median_abs_dev":{"confidence_interval":{"confidence_level":0.95,"lower_bound":62456.70418528933,"upper_bound":173350.82162829023},"point_estimate":101850.2576035608,"standard_error":30870.797309662037},"slope":null,"std_dev":{"confidence_interval":{"confidence_level":0.95,"lower_bound":156609.94394047474,"upper_bound":593179.2846745304},"point_estimate":371949.79682056577,"standard_error":146129.7388556538}}