{"mean":{"confidence_interval":{"confidence_level":0.95,"lower_bound":0.3042867859497468,"upper_bound":0.31674622663887836},"point_estimate":0.31127619747122326,"standard_error":0.0031885505756693204},"median":{"confidence_interval":{"confidence_level":0.95,"lower_bound":0.30735142585575836,"upper_bound":0.30885601595719514},"point_estimate":0.30815785142030516,"standard_error":0.0003718652370540698}}