{"mean":{"confidence_interval":{"confidence_level":0.95,"lower_bound":0.20629790318678404,"upper_bound":0.2182100554445722},"point_estimate":0.21123448132458056,"standard_error":0.003082229677626453},"median":{"confidence_interval":{"confidence_level":0.95,"lower_bound":0.2046384899175966,"upper_bound":0.20986728237674024},"point_estimate":0.206783390895376,"standard_error":0.0013700060737494263}}