{"mean":{"confidence_interval":{"confidence_level":0.95,"lower_bound":0.015496742983456402,"upper_bound":0.04033027508136279},"point_estimate":0.02678205641789444,"standard_error":0.006351646652511002},"median":{"confidence_interval":{"confidence_level":0.95,"lower_bound":0.008030303640265897,"upper_bound":0.015467746517240144},"point_estimate":0.011661774315552265,"standard_error":0.0019605662206285492}}