{"mean":{"confidence_interval":{"confidence_level":0.95,"lower_bound":-0.24534625389220122,"upper_bound":-0.2420828191201204},"point_estimate":-0.24370088707127258,"standard_error":0.0008132552787076214},"median":{"confidence_interval":{"confidence_level":0.95,"lower_bound":-0.24608174800084093,"upper_bound":-0.2441813490947332},"point_estimate":-0.24503650978915403,"standard_error":0.00047821296887490256}}