{"mean":{"confidence_interval":{"confidence_level":0.95,"lower_bound":946596.043711418,"upper_bound":985357.7737597377},"point_estimate":964766.6201564054,"standard_error":9880.293314695211},"median":{"confidence_interval":{"confidence_level":0.95,"lower_bound":924606.6666666666,"upper_bound":933731.9593787335},"point_estimate":929191.551724138,"standard_error":2848.3352203447216},"median_abs_dev":{"confidence_interval":{"confidence_level":0.95,"lower_bound":20120.73489278555,"upper_bound":35290.56710969926},"point_estimate":26810.963819676617,"standard_error":4010.8434645732964},"slope":{"confidence_interval":{"confidence_level":0.95,"lower_bound":937200.658205312,"upper_bound":967840.0148251368},"point_estimate":950872.8606472587,"standard_error":7843.845337475041},"std_dev":{"confidence_interval":{"confidence_level":0.95,"lower_bound":69672.46749173832,"upper_bound":125723.65766631531},"point_estimate":98857.15398410469,"standard_error":14357.31132561892}}