{"mean":{"confidence_interval":{"confidence_level":0.95,"lower_bound":0.22057323022917624,"upper_bound":0.26620589282522716},"point_estimate":0.24342916506581003,"standard_error":0.011643416107525797},"median":{"confidence_interval":{"confidence_level":0.95,"lower_bound":0.221506252426648,"upper_bound":0.2598731040704403},"point_estimate":0.24452873445683587,"standard_error":0.009577386622109932}}