{"mean":{"confidence_interval":{"confidence_level":0.95,"lower_bound":-0.25419162204048423,"upper_bound":-0.21930938151608007},"point_estimate":-0.2370647586993968,"standard_error":0.008896255460564054},"median":{"confidence_interval":{"confidence_level":0.95,"lower_bound":-0.25155832802857225,"upper_bound":-0.2236011210955836},"point_estimate":-0.2396564330881512,"standard_error":0.007284974870313454}}