{"mean":{"confidence_interval":{"confidence_level":0.95,"lower_bound":-0.3492847990282013,"upper_bound":-0.33919980648947484},"point_estimate":-0.3443308798745519,"standard_error":0.002555072944365344},"median":{"confidence_interval":{"confidence_level":0.95,"lower_bound":-0.3449185778727143,"upper_bound":-0.3421977838622804},"point_estimate":-0.3435472278796078,"standard_error":0.000700429142440088}}