{"mean":{"confidence_interval":{"confidence_level":0.95,"lower_bound":0.03204003659640109,"upper_bound":0.05505361546292634},"point_estimate":0.04326410145994841,"standard_error":0.005880096027584778},"median":{"confidence_interval":{"confidence_level":0.95,"lower_bound":0.03353932393199677,"upper_bound":0.03899929366706423},"point_estimate":0.03620034906976599,"standard_error":0.001523237849230917}}