{"mean":{"confidence_interval":{"confidence_level":0.95,"lower_bound":0.3865584464461297,"upper_bound":0.47195599211762174},"point_estimate":0.43270605536359596,"standard_error":0.021808710590158344},"median":{"confidence_interval":{"confidence_level":0.95,"lower_bound":0.423426969612118,"upper_bound":0.4469619864456315},"point_estimate":0.4332676068924033,"standard_error":0.0060138560915953855}}