{"mean":{"confidence_interval":{"confidence_level":0.95,"lower_bound":0.09848679719696436,"upper_bound":0.25028017408205877},"point_estimate":0.16009393917314152,"standard_error":0.038372468047786414},"median":{"confidence_interval":{"confidence_level":0.95,"lower_bound":0.0864264105634922,"upper_bound":0.10698792326470179},"point_estimate":0.09743028866539061,"standard_error":0.005434958924624869}}