{"mean":{"confidence_interval":{"confidence_level":0.95,"lower_bound":-0.751149803958977,"upper_bound":-0.7424264336055867},"point_estimate":-0.7468939362595953,"standard_error":0.0022334888793585153},"median":{"confidence_interval":{"confidence_level":0.95,"lower_bound":-0.7569154294931453,"upper_bound":-0.7461595634178328},"point_estimate":-0.7523115184603738,"standard_error":0.0029248197231929157}}