{"mean":{"confidence_interval":{"confidence_level":0.95,"lower_bound":-0.14359397572773705,"upper_bound":-0.11212514371843976},"point_estimate":-0.1278409250752427,"standard_error":0.008047272472735232},"median":{"confidence_interval":{"confidence_level":0.95,"lower_bound":-0.12481506517451368,"upper_bound":-0.09470907876579648},"point_estimate":-0.10321719015158781,"standard_error":0.006608547912522905}}