{"mean":{"confidence_interval":{"confidence_level":0.95,"lower_bound":0.003979104705185762,"upper_bound":0.028103277701566898},"point_estimate":0.015348378765886794,"standard_error":0.006032465096629047},"median":{"confidence_interval":{"confidence_level":0.95,"lower_bound":0.0008721588129898451,"upper_bound":0.013940575575980052},"point_estimate":0.009353229099686056,"standard_error":0.0030885612504480014}}