{"mean":{"confidence_interval":{"confidence_level":0.95,"lower_bound":0.7511451120032104,"upper_bound":0.7681007228699097},"point_estimate":0.7595501049366251,"standard_error":0.004204946625474807},"median":{"confidence_interval":{"confidence_level":0.95,"lower_bound":0.7419687362043021,"upper_bound":0.7520570546112118},"point_estimate":0.7469069669974937,"standard_error":0.002920518497407517}}