{"mean":{"confidence_interval":{"confidence_level":0.95,"lower_bound":0.054822718295841046,"upper_bound":0.12385001769991064},"point_estimate":0.08593164914143991,"standard_error":0.018070854064131073},"median":{"confidence_interval":{"confidence_level":0.95,"lower_bound":0.03835098390945624,"upper_bound":0.06921088898097083},"point_estimate":0.05496694077483122,"standard_error":0.007740419073089437}}