{"mean":{"confidence_interval":{"confidence_level":0.95,"lower_bound":-0.09241306654449341,"upper_bound":-0.057619559662712434},"point_estimate":-0.07534409502138473,"standard_error":0.008885600432844434},"median":{"confidence_interval":{"confidence_level":0.95,"lower_bound":-0.11499077524280277,"upper_bound":-0.07727495504831716},"point_estimate":-0.09542748633999443,"standard_error":0.009400967992729993}}