{"mean":{"confidence_interval":{"confidence_level":0.95,"lower_bound":0.06272807975015454,"upper_bound":0.06960073282026256},"point_estimate":0.06594129657508829,"standard_error":0.0017179886266577907},"median":{"confidence_interval":{"confidence_level":0.95,"lower_bound":0.05917039406218705,"upper_bound":0.06396611333252133},"point_estimate":0.06148654158471123,"standard_error":0.0012851918395621674}}