{"mean":{"confidence_interval":{"confidence_level":0.95,"lower_bound":-0.14908524616978827,"upper_bound":-0.04515031425858511},"point_estimate":-0.0951266569830248,"standard_error":0.026643949767439973},"median":{"confidence_interval":{"confidence_level":0.95,"lower_bound":-0.015435650926003519,"upper_bound":-0.007709446346295187},"point_estimate":-0.012041709490469232,"standard_error":0.0018524862323369949}}