{"mean":{"confidence_interval":{"confidence_level":0.95,"lower_bound":836246.9124535186,"upper_bound":894359.0502523496},"point_estimate":862219.4135912047,"standard_error":14882.434941345251},"median":{"confidence_interval":{"confidence_level":0.95,"lower_bound":812869.7134387352,"upper_bound":829941.5026426098},"point_estimate":817433.3191489362,"standard_error":3917.486266662558},"median_abs_dev":{"confidence_interval":{"confidence_level":0.95,"lower_bound":26526.79685913126,"upper_bound":50523.5638384394},"point_estimate":35745.76239760238,"standard_error":6257.1320655799755},"slope":{"confidence_interval":{"confidence_level":0.95,"lower_bound":840068.9864119211,"upper_bound":885601.1968487711},"point_estimate":860963.7705039161,"standard_error":11619.057967741053},"std_dev":{"confidence_interval":{"confidence_level":0.95,"lower_bound":77012.95128342796,"upper_bound":216390.04785653733},"point_estimate":149377.14019805694,"standard_error":36995.2446964493}}